Percent; User Percent;;;; Chat Count
0;6.196760383104559;;;;2808
6.196760383104559;5.494990510658957;;;;2490
11.691750893763516;5.360374277265304;;;;2429
17.05212517102882;4.234894293154434;;;;1919
21.287019464183253;3.8266319459769607;;;;1734
25.113651410160212;3.528710773712319;;;;1599
28.64236218387253;3.4779538332524167;;;;1576
32.12031601712495;2.0964823233437793;;;;950
34.21679834046873;1.9287637374762765;;;;874
36.145562077945;1.8515249150372954;;;;839
37.9970869929823;1.763251975107031;;;;799
39.76033896808933;1.7058745641523592;;;;773
41.46621353224169;1.6374630357064042;;;;742
43.10367656794809;1.5646378602639361;;;;709
44.66831442821203;1.5646378602639361;;;;709
46.232952288475964;1.5182945668005474;;;;688
47.75124685527651;1.4388489208633095;;;;652
49.19009577613982;1.3814715099086374;;;;626
50.571567286048456;1.3064395109679128;;;;592
51.87800679701637;1.2468552765149843;;;;565
53.124862073531354;1.1497550425916936;;;;521
54.274617116123046;1.118859513616101;;;;507
55.39347662973915;1.0239661031910667;;;;464
56.41744273293021;0.9489341042503421;;;;430
57.36637683718055;0.9401068102573157;;;;426
58.30648364743787;0.9312795162642893;;;;422
59.23776316370216;0.9312795162642893;;;;422
60.16904267996645;0.9290726927660327;;;;421
61.09811537273249;0.9158317517764929;;;;415
62.01394712450898;0.8783157523061306;;;;398
62.89226287681511;0.7812155183828398;;;;354
63.67347839519795;0.7194244604316548;;;;326
64.3929028556296;0.6863221079578055;;;;311
65.07922496358741;0.64439246149093;;;;292
65.72361742507833;0.6355651674979035;;;;288
66.35918259257623;0.6179105795118507;;;;280
66.97709317208809;0.615703756013594;;;;279
67.59279692810168;0.5803945800414883;;;;263
68.17319150814316;0.5274308160833296;;;;239
68.70062232422649;0.51418987509379;;;;233
69.21481219932028;0.4899148166129673;;;;222
69.70472701593324;0.4810875226199408;;;;218
70.18581453855319;0.4766738756234276;;;;216
70.66248841417662;0.46563975813214464;;;;211
71.12812817230876;0.46343293463388796;;;;210
71.59156110694265;0.43253740565829546;;;;196
72.02409851260094;0.4303305821600389;;;;195
72.45442909476098;0.4259169351635256;;;;193
72.88034602992451;0.4192964646687558;;;;190
73.29964249459327;0.4126759941739859;;;;187
73.71231848876725;0.40826234717747273;;;;185
74.12058083594472;0.39502140618793313;;;;179
74.51560224213266;0.3906077591914199;;;;177
74.90621000132408;0.38398728869665005;;;;174
75.29019729002073;0.37957364170013685;;;;172
75.66977093172086;0.3707463477071104;;;;168
76.04051727942797;0.3685395242088538;;;;167
76.40905680363683;0.3442644657280311;;;;156
76.75332126936486;0.29350752526812907;;;;133
77.04682879463299;0.28247340777684604;;;;128
77.32930220240983;0.28026658427858936;;;;127
77.60956878668843;0.26481881979079314;;;;120
77.87438760647922;0.2515778788012535;;;;114
78.12596548528047;0.24937105530299686;;;;113
78.37533654058348;0.24495740830648366;;;;111
78.62029394888997;0.2405437613099704;;;;109
78.86083771019993;0.2405437613099704;;;;109
79.1013814715099;0.2383369378117138;;;;108
79.3397184093216;0.2361301143134572;;;;107
79.57584852363506;0.2339232908152006;;;;106
79.80977181445026;0.2339232908152006;;;;106
80.04369510526546;0.2339232908152006;;;;106
80.27761839608065;0.22950964381868738;;;;104
80.50712803989934;0.22950964381868738;;;;104
80.73663768371803;0.22950964381868738;;;;104
80.96614732753672;0.22730282032043078;;;;103
81.19345014785715;0.22730282032043078;;;;103
81.42075296817758;0.22509599682217418;;;;102
81.64584896499976;0.2140618793308911;;;;97
81.85991084433064;0.2052345853378647;;;;93
82.0651454296685;0.2052345853378647;;;;93
82.27038001500637;0.20082093834135145;;;;91
82.47120095334772;0.19861411484309482;;;;90
82.66981506819081;0.1875799973518118;;;;85
82.85739506554263;0.1853731738535552;;;;84
83.04276823939618;0.18316635035529857;;;;83
83.22593458975147;0.18316635035529857;;;;83
83.40910094010677;0.18095952685704197;;;;82
83.5900604669638;0.17654587986052875;;;;80
83.76660634682433;0.17213223286401555;;;;78
83.93873857968835;0.17213223286401555;;;;78
84.11087081255236;0.16992540936575895;;;;77
84.28079622191812;0.16771858586750232;;;;76
84.44851480778563;0.1655117623692457;;;;75
84.61402657015488;0.1633049388709891;;;;74
84.77733150902587;0.1633049388709891;;;;74
84.94063644789686;0.15889129187447587;;;;72
85.09952773977135;0.15006399788144942;;;;68
85.24959173765279;0.15006399788144942;;;;68
85.39965573553424;0.14785717438319282;;;;67
85.54751290991743;0.14565035088493622;;;;66
85.69316326080236;0.14344352738667962;;;;65
85.83660678818904;0.14123670388842302;;;;64
85.97784349207747;0.14123670388842302;;;;64
86.11908019596589;0.1390298803901664;;;;63
86.25811007635606;0.1390298803901664;;;;63
86.39713995674623;0.1368230568919098;;;;62
86.53396301363814;0.1368230568919098;;;;62
86.67078607053006;0.1368230568919098;;;;62
86.80760912742197;0.13461623339365317;;;;61
86.94222536081563;0.12799576289888334;;;;58
87.0702211237145;0.12799576289888334;;;;58
87.19821688661338;0.12578893940062674;;;;57
87.324005826014;0.12137529240411353;;;;55
87.44538111841811;0.12137529240411353;;;;55
87.56675641082222;0.1191684689058569;;;;54
87.68592487972808;0.1191684689058569;;;;54
87.80509334863393;0.1191684689058569;;;;54
87.92426181753979;0.1169616454076003;;;;53
88.04122346294739;0.11475482190934369;;;;52
88.15597828485673;0.11254799841108709;;;;51
88.26852628326782;0.11034117491283046;;;;50
88.37886745818065;0.11034117491283046;;;;50
88.48920863309348;0.10592752791631725;;;;48
88.5951361610098;0.10592752791631725;;;;48
88.70106368892613;0.10372070441806065;;;;47
88.80478439334419;0.10372070441806065;;;;47
88.90850509776226;0.10372070441806065;;;;47
89.01222580218032;0.10372070441806065;;;;47
89.11594650659839;0.10151388091980403;;;;46
89.2174603875182;0.10151388091980403;;;;46
89.31897426843801;0.10151388091980403;;;;46
89.42048814935782;0.09710023392329081;;;;44
89.51758838328111;0.09489341042503421;;;;43
89.61248179370614;0.09489341042503421;;;;43
89.70737520413117;0.09489341042503421;;;;43
89.8022686145562;0.0926865869267776;;;;42
89.89495520148297;0.0926865869267776;;;;42
89.98764178840975;0.09047976342852099;;;;41
90.07812155183827;0.08827293993026437;;;;40
90.16639449176853;0.08827293993026437;;;;40
90.25466743169879;0.08606611643200777;;;;39
90.3407335481308;0.08606611643200777;;;;39
90.42679966456281;0.08606611643200777;;;;39
90.51286578099482;0.08606611643200777;;;;39
90.59893189742682;0.08606611643200777;;;;39
90.68499801385883;0.08606611643200777;;;;39
90.77106413029084;0.08385929293375116;;;;38
90.85492342322459;0.08385929293375116;;;;38
90.93878271615834;0.08385929293375116;;;;38
91.0226420090921;0.08165246943549455;;;;37
91.10429447852759;0.07944564593723794;;;;36
91.18374012446483;0.07944564593723794;;;;36
91.26318577040207;0.07944564593723794;;;;36
91.34263141633932;0.07944564593723794;;;;36
91.42207706227656;0.07503199894072471;;;;34
91.49710906121729;0.07282517544246811;;;;33
91.56993423665976;0.07282517544246811;;;;33
91.64275941210224;0.07061835194421151;;;;32
91.71337776404644;0.07061835194421151;;;;32
91.78399611599065;0.07061835194421151;;;;32
91.85461446793485;0.07061835194421151;;;;32
91.92523281987906;0.07061835194421151;;;;32
91.99585117182326;0.07061835194421151;;;;32
92.06646952376747;0.07061835194421151;;;;32
92.13708787571167;0.0684115284459549;;;;31
92.20549940415762;0.0684115284459549;;;;31
92.27391093260357;0.0684115284459549;;;;31
92.34232246104952;0.06620470494769828;;;;30
92.40852716599721;0.06620470494769828;;;;30
92.47473187094491;0.06620470494769828;;;;30
92.5409365758926;0.06399788144944167;;;;29
92.60493445734204;0.06399788144944167;;;;29
92.66893233879148;0.06399788144944167;;;;29
92.73293022024092;0.061791057951185065;;;;28
92.7947212781921;0.061791057951185065;;;;28
92.85651233614328;0.061791057951185065;;;;28
92.91830339409447;0.05958423445292845;;;;27
92.97788762854739;0.05958423445292845;;;;27
93.03747186300032;0.05958423445292845;;;;27
93.09705609745325;0.05958423445292845;;;;27
93.15664033190617;0.05958423445292845;;;;27
93.2162245663591;0.05958423445292845;;;;27
93.27580880081203;0.057377410954671845;;;;26
93.3331862117667;0.057377410954671845;;;;26
93.39056362272137;0.057377410954671845;;;;26
93.44794103367605;0.057377410954671845;;;;26
93.50531844463072;0.057377410954671845;;;;26
93.56269585558539;0.057377410954671845;;;;26
93.62007326654006;0.05517058745641523;;;;25
93.67524385399648;0.05517058745641523;;;;25
93.7304144414529;0.05517058745641523;;;;25
93.78558502890931;0.05517058745641523;;;;25
93.84075561636573;0.05517058745641523;;;;25
93.89592620382214;0.052963763958158626;;;;24
93.9488899677803;0.052963763958158626;;;;24
94.00185373173846;0.052963763958158626;;;;24
94.05481749569662;0.052963763958158626;;;;24
94.10778125965479;0.052963763958158626;;;;24
94.16074502361295;0.052963763958158626;;;;24
94.21370878757111;0.052963763958158626;;;;24
94.26667255152927;0.052963763958158626;;;;24
94.31963631548743;0.05075694045990201;;;;23
94.37039325594733;0.05075694045990201;;;;23
94.42115019640724;0.048550116961645406;;;;22
94.46970031336889;0.048550116961645406;;;;22
94.51825043033054;0.048550116961645406;;;;22
94.56680054729219;0.048550116961645406;;;;22
94.61535066425384;0.048550116961645406;;;;22
94.66390078121549;0.048550116961645406;;;;22
94.71245089817714;0.0463432934633888;;;;21
94.75879419164053;0.0463432934633888;;;;21
94.80513748510393;0.0463432934633888;;;;21
94.85148077856732;0.0463432934633888;;;;21
94.89782407203072;0.04413646996513219;;;;20
94.94196054199585;0.04413646996513219;;;;20
94.986097011961;0.04413646996513219;;;;20
95.03023348192613;0.04413646996513219;;;;20
95.07436995189127;0.04413646996513219;;;;20
95.11850642185641;0.04413646996513219;;;;20
95.16264289182155;0.04192964646687558;;;;19
95.20457253828842;0.04192964646687558;;;;19
95.24650218475529;0.04192964646687558;;;;19
95.28843183122216;0.03972282296861897;;;;18
95.32815465419077;0.03972282296861897;;;;18
95.36787747715938;0.03972282296861897;;;;18
95.407600300128;0.03972282296861897;;;;18
95.44732312309661;0.037515999470362354;;;;17
95.48483912256697;0.037515999470362354;;;;17
95.52235512203733;0.037515999470362354;;;;17
95.55987112150768;0.037515999470362354;;;;17
95.59738712097804;0.037515999470362354;;;;17
95.6349031204484;0.037515999470362354;;;;17
95.67241911991876;0.037515999470362354;;;;17
95.70993511938912;0.037515999470362354;;;;17
95.74745111885947;0.037515999470362354;;;;17
95.78496711832983;0.037515999470362354;;;;17
95.82248311780019;0.037515999470362354;;;;17
95.85999911727055;0.035309175972105755;;;;16
95.89530829324265;0.035309175972105755;;;;16
95.93061746921475;0.035309175972105755;;;;16
95.96592664518685;0.035309175972105755;;;;16
96.00123582115896;0.035309175972105755;;;;16
96.03654499713106;0.035309175972105755;;;;16
96.07185417310316;0.035309175972105755;;;;16
96.10716334907526;0.035309175972105755;;;;16
96.14247252504737;0.035309175972105755;;;;16
96.17778170101947;0.035309175972105755;;;;16
96.21309087699157;0.03310235247384914;;;;15
96.24619322946542;0.03310235247384914;;;;15
96.27929558193927;0.03310235247384914;;;;15
96.31239793441311;0.03310235247384914;;;;15
96.34550028688696;0.030895528975592532;;;;14
96.37639581586255;0.030895528975592532;;;;14
96.40729134483814;0.030895528975592532;;;;14
96.43818687381373;0.028688705477335923;;;;13
96.46687557929107;0.028688705477335923;;;;13
96.4955642847684;0.028688705477335923;;;;13
96.52425299024574;0.026481881979079313;;;;12
96.55073487222482;0.026481881979079313;;;;12
96.5772167542039;0.026481881979079313;;;;12
96.60369863618298;0.026481881979079313;;;;12
96.63018051816206;0.026481881979079313;;;;12
96.65666240014114;0.026481881979079313;;;;12
96.68314428212022;0.026481881979079313;;;;12
96.7096261640993;0.026481881979079313;;;;12
96.73610804607839;0.026481881979079313;;;;12
96.76258992805747;0.024275058480822703;;;;11
96.78686498653829;0.024275058480822703;;;;11
96.81114004501912;0.024275058480822703;;;;11
96.83541510349994;0.024275058480822703;;;;11
96.85969016198077;0.024275058480822703;;;;11
96.88396522046159;0.024275058480822703;;;;11
96.90824027894242;0.024275058480822703;;;;11
96.93251533742324;0.024275058480822703;;;;11
96.95679039590406;0.024275058480822703;;;;11
96.98106545438489;0.024275058480822703;;;;11
97.00534051286571;0.024275058480822703;;;;11
97.02961557134654;0.024275058480822703;;;;11
97.05389062982736;0.024275058480822703;;;;11
97.07816568830819;0.022068234982566094;;;;10
97.10023392329076;0.022068234982566094;;;;10
97.12230215827333;0.022068234982566094;;;;10
97.1443703932559;0.022068234982566094;;;;10
97.16643862823847;0.022068234982566094;;;;10
97.18850686322104;0.022068234982566094;;;;10
97.2105750982036;0.022068234982566094;;;;10
97.23264333318618;0.022068234982566094;;;;10
97.25471156816874;0.022068234982566094;;;;10
97.27677980315131;0.022068234982566094;;;;10
97.29884803813388;0.022068234982566094;;;;10
97.32091627311645;0.022068234982566094;;;;10
97.34298450809902;0.022068234982566094;;;;10
97.36505274308159;0.022068234982566094;;;;10
97.38712097806416;0.022068234982566094;;;;10
97.40918921304673;0.019861411484309484;;;;9
97.42905062453104;0.019861411484309484;;;;9
97.44891203601536;0.019861411484309484;;;;9
97.46877344749967;0.019861411484309484;;;;9
97.48863485898399;0.019861411484309484;;;;9
97.5084962704683;0.019861411484309484;;;;9
97.52835768195261;0.019861411484309484;;;;9
97.54821909343693;0.019861411484309484;;;;9
97.56808050492124;0.019861411484309484;;;;9
97.58794191640555;0.019861411484309484;;;;9
97.60780332788987;0.019861411484309484;;;;9
97.62766473937418;0.017654587986052878;;;;8
97.64531932736024;0.017654587986052878;;;;8
97.6629739153463;0.017654587986052878;;;;8
97.68062850333236;0.017654587986052878;;;;8
97.69828309131842;0.017654587986052878;;;;8
97.71593767930447;0.017654587986052878;;;;8
97.73359226729053;0.017654587986052878;;;;8
97.75124685527659;0.017654587986052878;;;;8
97.76890144326265;0.017654587986052878;;;;8
97.78655603124871;0.017654587986052878;;;;8
97.80421061923477;0.017654587986052878;;;;8
97.82186520722082;0.017654587986052878;;;;8
97.83951979520688;0.017654587986052878;;;;8
97.85717438319294;0.017654587986052878;;;;8
97.874828971179;0.017654587986052878;;;;8
97.89248355916506;0.017654587986052878;;;;8
97.91013814715112;0.017654587986052878;;;;8
97.92779273513717;0.017654587986052878;;;;8
97.94544732312323;0.017654587986052878;;;;8
97.96310191110929;0.015447764487796266;;;;7
97.9785496755971;0.015447764487796266;;;;7
97.9939974400849;0.015447764487796266;;;;7
98.0094452045727;0.015447764487796266;;;;7
98.0248929690605;0.015447764487796266;;;;7
98.0403407335483;0.015447764487796266;;;;7
98.05578849803611;0.015447764487796266;;;;7
98.07123626252391;0.015447764487796266;;;;7
98.08668402701171;0.015447764487796266;;;;7
98.10213179149952;0.015447764487796266;;;;7
98.11757955598732;0.015447764487796266;;;;7
98.13302732047512;0.015447764487796266;;;;7
98.14847508496293;0.013240940989539656;;;;6
98.16171602595246;0.013240940989539656;;;;6
98.17495696694199;0.013240940989539656;;;;6
98.18819790793152;0.013240940989539656;;;;6
98.20143884892106;0.013240940989539656;;;;6
98.21467978991059;0.013240940989539656;;;;6
98.22792073090012;0.013240940989539656;;;;6
98.24116167188966;0.013240940989539656;;;;6
98.25440261287919;0.013240940989539656;;;;6
98.26764355386872;0.013240940989539656;;;;6
98.28088449485826;0.013240940989539656;;;;6
98.29412543584779;0.013240940989539656;;;;6
98.30736637683732;0.013240940989539656;;;;6
98.32060731782686;0.013240940989539656;;;;6
98.33384825881639;0.013240940989539656;;;;6
98.34708919980592;0.013240940989539656;;;;6
98.36033014079545;0.013240940989539656;;;;6
98.37357108178499;0.011034117491283047;;;;5
98.38460519927627;0.011034117491283047;;;;5
98.39563931676754;0.011034117491283047;;;;5
98.40667343425882;0.011034117491283047;;;;5
98.4177075517501;0.011034117491283047;;;;5
98.42874166924138;0.011034117491283047;;;;5
98.43977578673265;0.011034117491283047;;;;5
98.45080990422393;0.011034117491283047;;;;5
98.46184402171521;0.011034117491283047;;;;5
98.47287813920649;0.011034117491283047;;;;5
98.48391225669776;0.011034117491283047;;;;5
98.49494637418904;0.011034117491283047;;;;5
98.50598049168032;0.011034117491283047;;;;5
98.5170146091716;0.011034117491283047;;;;5
98.52804872666287;0.011034117491283047;;;;5
98.53908284415415;0.011034117491283047;;;;5
98.55011696164543;0.011034117491283047;;;;5
98.5611510791367;0.011034117491283047;;;;5
98.57218519662798;0.011034117491283047;;;;5
98.58321931411926;0.011034117491283047;;;;5
98.59425343161054;0.011034117491283047;;;;5
98.60528754910182;0.011034117491283047;;;;5
98.6163216665931;0.011034117491283047;;;;5
98.62735578408437;0.011034117491283047;;;;5
98.63838990157565;0.008827293993026439;;;;4
98.64721719556867;0.008827293993026439;;;;4
98.6560444895617;0.008827293993026439;;;;4
98.66487178355472;0.008827293993026439;;;;4
98.67369907754774;0.008827293993026439;;;;4
98.68252637154076;0.008827293993026439;;;;4
98.69135366553378;0.008827293993026439;;;;4
98.7001809595268;0.008827293993026439;;;;4
98.70900825351983;0.008827293993026439;;;;4
98.71783554751285;0.008827293993026439;;;;4
98.72666284150587;0.008827293993026439;;;;4
98.73549013549889;0.008827293993026439;;;;4
98.74431742949191;0.008827293993026439;;;;4
98.75314472348494;0.008827293993026439;;;;4
98.76197201747796;0.008827293993026439;;;;4
98.77079931147098;0.008827293993026439;;;;4
98.779626605464;0.008827293993026439;;;;4
98.78845389945702;0.008827293993026439;;;;4
98.79728119345005;0.008827293993026439;;;;4
98.80610848744307;0.008827293993026439;;;;4
98.81493578143609;0.008827293993026439;;;;4
98.82376307542911;0.008827293993026439;;;;4
98.83259036942214;0.008827293993026439;;;;4
98.84141766341516;0.008827293993026439;;;;4
98.85024495740818;0.008827293993026439;;;;4
98.8590722514012;0.008827293993026439;;;;4
98.86789954539422;0.008827293993026439;;;;4
98.87672683938725;0.008827293993026439;;;;4
98.88555413338027;0.008827293993026439;;;;4
98.89438142737329;0.008827293993026439;;;;4
98.90320872136631;0.008827293993026439;;;;4
98.91203601535933;0.008827293993026439;;;;4
98.92086330935236;0.008827293993026439;;;;4
98.92969060334538;0.008827293993026439;;;;4
98.9385178973384;0.008827293993026439;;;;4
98.94734519133142;0.008827293993026439;;;;4
98.95617248532444;0.008827293993026439;;;;4
98.96499977931747;0.008827293993026439;;;;4
98.97382707331049;0.008827293993026439;;;;4
98.98265436730351;0.006620470494769828;;;;3
98.98927483779828;0.006620470494769828;;;;3
98.99589530829304;0.006620470494769828;;;;3
99.00251577878781;0.006620470494769828;;;;3
99.00913624928258;0.006620470494769828;;;;3
99.01575671977734;0.006620470494769828;;;;3
99.02237719027211;0.006620470494769828;;;;3
99.02899766076688;0.006620470494769828;;;;3
99.03561813126164;0.006620470494769828;;;;3
99.04223860175641;0.006620470494769828;;;;3
99.04885907225118;0.006620470494769828;;;;3
99.05547954274594;0.006620470494769828;;;;3
99.06210001324071;0.006620470494769828;;;;3
99.06872048373548;0.006620470494769828;;;;3
99.07534095423024;0.006620470494769828;;;;3
99.08196142472501;0.006620470494769828;;;;3
99.08858189521978;0.006620470494769828;;;;3
99.09520236571454;0.006620470494769828;;;;3
99.10182283620931;0.006620470494769828;;;;3
99.10844330670407;0.006620470494769828;;;;3
99.11506377719884;0.006620470494769828;;;;3
99.12168424769361;0.006620470494769828;;;;3
99.12830471818837;0.006620470494769828;;;;3
99.13492518868314;0.006620470494769828;;;;3
99.14154565917791;0.006620470494769828;;;;3
99.14816612967267;0.006620470494769828;;;;3
99.15478660016744;0.006620470494769828;;;;3
99.16140707066221;0.006620470494769828;;;;3
99.16802754115697;0.006620470494769828;;;;3
99.17464801165174;0.006620470494769828;;;;3
99.1812684821465;0.006620470494769828;;;;3
99.18788895264127;0.006620470494769828;;;;3
99.19450942313604;0.006620470494769828;;;;3
99.2011298936308;0.006620470494769828;;;;3
99.20775036412557;0.006620470494769828;;;;3
99.21437083462034;0.006620470494769828;;;;3
99.2209913051151;0.006620470494769828;;;;3
99.22761177560987;0.006620470494769828;;;;3
99.23423224610464;0.006620470494769828;;;;3
99.2408527165994;0.006620470494769828;;;;3
99.24747318709417;0.006620470494769828;;;;3
99.25409365758894;0.006620470494769828;;;;3
99.2607141280837;0.006620470494769828;;;;3
99.26733459857847;0.006620470494769828;;;;3
99.27395506907324;0.006620470494769828;;;;3
99.280575539568;0.006620470494769828;;;;3
99.28719601006277;0.006620470494769828;;;;3
99.29381648055754;0.006620470494769828;;;;3
99.3004369510523;0.006620470494769828;;;;3
99.30705742154707;0.006620470494769828;;;;3
99.31367789204184;0.006620470494769828;;;;3
99.3202983625366;0.004413646996513219;;;;2
99.32471200953312;0.004413646996513219;;;;2
99.32912565652963;0.004413646996513219;;;;2
99.33353930352614;0.004413646996513219;;;;2
99.33795295052265;0.004413646996513219;;;;2
99.34236659751916;0.004413646996513219;;;;2
99.34678024451567;0.004413646996513219;;;;2
99.35119389151218;0.004413646996513219;;;;2
99.35560753850869;0.004413646996513219;;;;2
99.3600211855052;0.004413646996513219;;;;2
99.36443483250171;0.004413646996513219;;;;2
99.36884847949823;0.004413646996513219;;;;2
99.37326212649474;0.004413646996513219;;;;2
99.37767577349125;0.004413646996513219;;;;2
99.38208942048776;0.004413646996513219;;;;2
99.38650306748427;0.004413646996513219;;;;2
99.39091671448078;0.004413646996513219;;;;2
99.39533036147729;0.004413646996513219;;;;2
99.3997440084738;0.004413646996513219;;;;2
99.40415765547031;0.004413646996513219;;;;2
99.40857130246683;0.004413646996513219;;;;2
99.41298494946334;0.004413646996513219;;;;2
99.41739859645985;0.004413646996513219;;;;2
99.42181224345636;0.004413646996513219;;;;2
99.42622589045287;0.004413646996513219;;;;2
99.43063953744938;0.004413646996513219;;;;2
99.43505318444589;0.004413646996513219;;;;2
99.4394668314424;0.004413646996513219;;;;2
99.44388047843891;0.004413646996513219;;;;2
99.44829412543542;0.004413646996513219;;;;2
99.45270777243194;0.004413646996513219;;;;2
99.45712141942845;0.004413646996513219;;;;2
99.46153506642496;0.004413646996513219;;;;2
99.46594871342147;0.004413646996513219;;;;2
99.47036236041798;0.004413646996513219;;;;2
99.47477600741449;0.004413646996513219;;;;2
99.479189654411;0.004413646996513219;;;;2
99.48360330140751;0.004413646996513219;;;;2
99.48801694840402;0.004413646996513219;;;;2
99.49243059540053;0.004413646996513219;;;;2
99.49684424239705;0.004413646996513219;;;;2
99.50125788939356;0.004413646996513219;;;;2
99.50567153639007;0.004413646996513219;;;;2
99.51008518338658;0.004413646996513219;;;;2
99.51449883038309;0.004413646996513219;;;;2
99.5189124773796;0.004413646996513219;;;;2
99.52332612437611;0.004413646996513219;;;;2
99.52773977137262;0.004413646996513219;;;;2
99.53215341836913;0.004413646996513219;;;;2
99.53656706536565;0.004413646996513219;;;;2
99.54098071236216;0.004413646996513219;;;;2
99.54539435935867;0.004413646996513219;;;;2
99.54980800635518;0.004413646996513219;;;;2
99.55422165335169;0.004413646996513219;;;;2
99.5586353003482;0.004413646996513219;;;;2
99.56304894734471;0.004413646996513219;;;;2
99.56746259434122;0.004413646996513219;;;;2
99.57187624133773;0.004413646996513219;;;;2
99.57628988833424;0.004413646996513219;;;;2
99.58070353533076;0.004413646996513219;;;;2
99.58511718232727;0.004413646996513219;;;;2
99.58953082932378;0.004413646996513219;;;;2
99.59394447632029;0.004413646996513219;;;;2
99.5983581233168;0.004413646996513219;;;;2
99.60277177031331;0.004413646996513219;;;;2
99.60718541730982;0.004413646996513219;;;;2
99.61159906430633;0.004413646996513219;;;;2
99.61601271130284;0.004413646996513219;;;;2
99.62042635829935;0.004413646996513219;;;;2
99.62484000529587;0.004413646996513219;;;;2
99.62925365229238;0.004413646996513219;;;;2
99.63366729928889;0.004413646996513219;;;;2
99.6380809462854;0.004413646996513219;;;;2
99.64249459328191;0.004413646996513219;;;;2
99.64690824027842;0.004413646996513219;;;;2
99.65132188727493;0.004413646996513219;;;;2
99.65573553427144;0.004413646996513219;;;;2
99.66014918126795;0.004413646996513219;;;;2
99.66456282826447;0.004413646996513219;;;;2
99.66897647526098;0.004413646996513219;;;;2
99.67339012225749;0.004413646996513219;;;;2
99.677803769254;0.004413646996513219;;;;2
99.68221741625051;0.004413646996513219;;;;2
99.68663106324702;0.004413646996513219;;;;2
99.69104471024353;0.004413646996513219;;;;2
99.69545835724004;0.004413646996513219;;;;2
99.69987200423655;0.004413646996513219;;;;2
99.70428565123306;0.004413646996513219;;;;2
99.70869929822958;0.004413646996513219;;;;2
99.71311294522609;0.004413646996513219;;;;2
99.7175265922226;0.004413646996513219;;;;2
99.72194023921911;0.0022068234982566097;;;;1
99.72414706271736;0.0022068234982566097;;;;1
99.72635388621562;0.0022068234982566097;;;;1
99.72856070971388;0.0022068234982566097;;;;1
99.73076753321213;0.0022068234982566097;;;;1
99.73297435671039;0.0022068234982566097;;;;1
99.73518118020864;0.0022068234982566097;;;;1
99.7373880037069;0.0022068234982566097;;;;1
99.73959482720515;0.0022068234982566097;;;;1
99.74180165070341;0.0022068234982566097;;;;1
99.74400847420166;0.0022068234982566097;;;;1
99.74621529769992;0.0022068234982566097;;;;1
99.74842212119817;0.0022068234982566097;;;;1
99.75062894469643;0.0022068234982566097;;;;1
99.75283576819469;0.0022068234982566097;;;;1
99.75504259169294;0.0022068234982566097;;;;1
99.7572494151912;0.0022068234982566097;;;;1
99.75945623868945;0.0022068234982566097;;;;1
99.76166306218771;0.0022068234982566097;;;;1
99.76386988568596;0.0022068234982566097;;;;1
99.76607670918422;0.0022068234982566097;;;;1
99.76828353268247;0.0022068234982566097;;;;1
99.77049035618073;0.0022068234982566097;;;;1
99.77269717967899;0.0022068234982566097;;;;1
99.77490400317724;0.0022068234982566097;;;;1
99.7771108266755;0.0022068234982566097;;;;1
99.77931765017375;0.0022068234982566097;;;;1
99.78152447367201;0.0022068234982566097;;;;1
99.78373129717026;0.0022068234982566097;;;;1
99.78593812066852;0.0022068234982566097;;;;1
99.78814494416677;0.0022068234982566097;;;;1
99.79035176766503;0.0022068234982566097;;;;1
99.79255859116329;0.0022068234982566097;;;;1
99.79476541466154;0.0022068234982566097;;;;1
99.7969722381598;0.0022068234982566097;;;;1
99.79917906165805;0.0022068234982566097;;;;1
99.80138588515631;0.0022068234982566097;;;;1
99.80359270865456;0.0022068234982566097;;;;1
99.80579953215282;0.0022068234982566097;;;;1
99.80800635565107;0.0022068234982566097;;;;1
99.81021317914933;0.0022068234982566097;;;;1
99.81242000264758;0.0022068234982566097;;;;1
99.81462682614584;0.0022068234982566097;;;;1
99.8168336496441;0.0022068234982566097;;;;1
99.81904047314235;0.0022068234982566097;;;;1
99.8212472966406;0.0022068234982566097;;;;1
99.82345412013886;0.0022068234982566097;;;;1
99.82566094363712;0.0022068234982566097;;;;1
99.82786776713537;0.0022068234982566097;;;;1
99.83007459063363;0.0022068234982566097;;;;1
99.83228141413188;0.0022068234982566097;;;;1
99.83448823763014;0.0022068234982566097;;;;1
99.8366950611284;0.0022068234982566097;;;;1
99.83890188462665;0.0022068234982566097;;;;1
99.8411087081249;0.0022068234982566097;;;;1
99.84331553162316;0.0022068234982566097;;;;1
99.84552235512142;0.0022068234982566097;;;;1
99.84772917861967;0.0022068234982566097;;;;1
99.84993600211793;0.0022068234982566097;;;;1
99.85214282561618;0.0022068234982566097;;;;1
99.85434964911444;0.0022068234982566097;;;;1
99.8565564726127;0.0022068234982566097;;;;1
99.85876329611095;0.0022068234982566097;;;;1
99.8609701196092;0.0022068234982566097;;;;1
99.86317694310746;0.0022068234982566097;;;;1
99.86538376660572;0.0022068234982566097;;;;1
99.86759059010397;0.0022068234982566097;;;;1
99.86979741360223;0.0022068234982566097;;;;1
99.87200423710048;0.0022068234982566097;;;;1
99.87421106059874;0.0022068234982566097;;;;1
99.876417884097;0.0022068234982566097;;;;1
99.87862470759525;0.0022068234982566097;;;;1
99.8808315310935;0.0022068234982566097;;;;1
99.88303835459176;0.0022068234982566097;;;;1
99.88524517809002;0.0022068234982566097;;;;1
99.88745200158827;0.0022068234982566097;;;;1
99.88965882508653;0.0022068234982566097;;;;1
99.89186564858478;0.0022068234982566097;;;;1
99.89407247208304;0.0022068234982566097;;;;1
99.8962792955813;0.0022068234982566097;;;;1
99.89848611907955;0.0022068234982566097;;;;1
99.9006929425778;0.0022068234982566097;;;;1
99.90289976607606;0.0022068234982566097;;;;1
99.90510658957432;0.0022068234982566097;;;;1
99.90731341307257;0.0022068234982566097;;;;1
99.90952023657083;0.0022068234982566097;;;;1
99.91172706006908;0.0022068234982566097;;;;1
99.91393388356734;0.0022068234982566097;;;;1
99.9161407070656;0.0022068234982566097;;;;1
99.91834753056385;0.0022068234982566097;;;;1
99.9205543540621;0.0022068234982566097;;;;1
99.92276117756036;0.0022068234982566097;;;;1
99.92496800105862;0.0022068234982566097;;;;1
99.92717482455687;0.0022068234982566097;;;;1
99.92938164805513;0.0022068234982566097;;;;1
99.93158847155338;0.0022068234982566097;;;;1
99.93379529505164;0.0022068234982566097;;;;1
99.9360021185499;0.0022068234982566097;;;;1
99.93820894204815;0.0022068234982566097;;;;1
99.9404157655464;0.0022068234982566097;;;;1
99.94262258904466;0.0022068234982566097;;;;1
99.94482941254292;0.0022068234982566097;;;;1
99.94703623604117;0.0022068234982566097;;;;1
99.94924305953943;0.0022068234982566097;;;;1
99.95144988303768;0.0022068234982566097;;;;1
99.95365670653594;0.0022068234982566097;;;;1
99.9558635300342;0.0022068234982566097;;;;1
99.95807035353245;0.0022068234982566097;;;;1
99.9602771770307;0.0022068234982566097;;;;1
99.96248400052896;0.0022068234982566097;;;;1
99.96469082402722;0.0022068234982566097;;;;1
99.96689764752547;0.0022068234982566097;;;;1
99.96910447102373;0.0022068234982566097;;;;1
99.97131129452198;0.0022068234982566097;;;;1
99.97351811802024;0.0022068234982566097;;;;1
99.9757249415185;0.0022068234982566097;;;;1
99.97793176501675;0.0022068234982566097;;;;1
99.980138588515;0.0022068234982566097;;;;1
99.98234541201326;0.0022068234982566097;;;;1
99.98455223551152;0.0022068234982566097;;;;1
99.98675905900977;0.0022068234982566097;;;;1
99.98896588250803;0.0022068234982566097;;;;1
99.99117270600628;0.0022068234982566097;;;;1
99.99337952950454;0.0022068234982566097;;;;1
99.99558635300279;0.0022068234982566097;;;;1
99.99779317650105;0.0022068234982566097;;;;1
